TPS01,03
TPS01,03
TPS01,02
TPS01,03
TPS01,01
TPS01,03
TPS01,02
TPS01,01
TPS01,01
TPS01,02
TPS01,03
TPS01,01
TPS01,03
TPS01,03
TPS01,02
TPS01,01
TPS01,02
TPS01,01
TPS01,01
TPS01,01
TPS02,02
TPS02,03
TPS02,02
TPS02,01
TPS02,03
TPS02,03
TPS02,03
TPS02,01
TPS02,01
TPS02,02
TPS02,01
TPS02,03
TPS02,01
TPS02,01
TPS02,02
TPS02,03
TPS02,02
TPS02,01
TPS02,01
TPS02,03
TPS03,03
TPS03,03
TPS03,02
TPS03,03
TPS03,03
TPS03,02
TPS03,02
TPS03,01
TPS03,02
TPS03,01
TPS03,01
TPS03,01
TPS03,01
TPS03,02
TPS03,03
TPS03,01
TPS03,01
TPS03,01
TPS03,03
TPS03,01
TPS04,03
TPS04,01
TPS04,01
TPS04,01
TPS04,01
TPS04,03
TPS04,01
TPS04,01
TPS04,03
TPS04,01
TPS04,03
TPS04,01
TPS04,03
TPS04,01
TPS04,02
TPS04,01
TPS04,02
TPS04,01
TPS04,01
TPS04,03
TPS05,01
TPS05,03
TPS05,01
TPS05,01
TPS05,01
TPS05,01
TPS05,01
TPS05,02
TPS05,02
TPS05,03
TPS05,03
TPS05,03
TPS05,02
TPS05,03
TPS05,01
TPS05,01
TPS05,02
TPS05,01
TPS05,03
TPS05,02
TPS01,03
TPS01,03
TPS01,02
TPS01,03
TPS01,01
TPS01,03
TPS01,02
TPS01,01
TPS01,01
TPS01,02
TPS01,03
TPS01,01
TPS01,03
TPS01,03
TPS01,02
TPS01,01
TPS01,02
TPS01,01
TPS01,01
TPS01,01
TPS02,02
TPS02,03
TPS02,02
TPS02,01
TPS02,03
TPS02,03
TPS02,03
TPS02,01
TPS02,01
TPS02,02
TPS02,01
TPS02,03
TPS02,01
TPS02,01
TPS02,02
TPS02,03
TPS02,02
TPS02,01
TPS02,01
TPS02,03
TPS03,03
TPS03,03
TPS03,02
TPS03,03
TPS03,03
TPS03,02
TPS03,02
TPS03,01
TPS03,02
TPS03,01
TPS03,01
TPS03,01
TPS03,01
TPS03,02
TPS03,03
TPS03,01
TPS03,01
TPS03,01
TPS03,03
TPS03,01
TPS04,03
TPS04,01
TPS04,01
TPS04,01
TPS04,01
TPS04,03
TPS04,01
TPS04,01
TPS04,03
TPS04,01
TPS04,03
TPS04,01
TPS04,03
TPS04,01
TPS04,02
TPS04,01
TPS04,02
TPS04,01
TPS04,01
TPS04,03
TPS05,01
TPS05,03
TPS05,01
TPS05,01
TPS05,01
TPS05,01
TPS05,01
TPS05,02
TPS05,02
TPS05,03
TPS05,03
TPS05,03
TPS05,02
TPS05,03
TPS05,01
TPS05,01
TPS05,02
TPS05,01
TPS05,03
TPS05,02
TPS01,03
TPS01,03
TPS01,02
TPS01,03
TPS01,01
TPS01,03
TPS01,02
TPS01,01
TPS01,01
TPS01,02
TPS01,03
TPS01,01
TPS01,03
TPS01,03
TPS01,02
TPS01,01
TPS01,02
TPS01,01
TPS01,01
TPS01,01
TPS02,02
TPS02,03
TPS02,02
TPS02,01
TPS02,03
TPS02,03
TPS02,03
TPS02,01
TPS02,01
TPS02,02
TPS02,01
TPS02,03
TPS02,01
TPS02,01
TPS02,02
TPS02,03
TPS02,02
TPS02,01
TPS02,01
TPS02,03
TPS03,03
TPS03,03
TPS03,02
TPS03,03
TPS03,03
TPS03,02
TPS03,02
TPS03,01
TPS03,02
TPS03,01
TPS03,01
TPS03,01
TPS03,01
TPS03,02
TPS03,03
TPS03,01
TPS03,01
TPS03,01
TPS03,03
TPS03,01
TPS04,03
TPS04,01
TPS04,01
TPS04,01
TPS04,01
TPS04,03
TPS04,01
TPS04,01
TPS04,03
TPS04,01
TPS04,03
TPS04,01
TPS04,03
TPS04,01
TPS04,02
TPS04,01
TPS04,02
TPS04,01
TPS04,01
TPS04,03
TPS05,01
TPS05,03
TPS05,01
TPS05,01
TPS05,01
TPS05,01
TPS05,01
TPS05,02
TPS05,02
TPS05,03
TPS05,03
TPS05,03
TPS05,02
TPS05,03
TPS05,01
TPS05,01
TPS05,02
TPS05,01
TPS05,03
TPS05,02
TPS01,03
TPS01,03
TPS01,02
TPS01,03
TPS01,01
TPS01,03
TPS01,02
TPS01,01
TPS01,01
TPS01,02
TPS01,03
TPS01,01
TPS01,03
TPS01,03
TPS01,02
TPS01,01
TPS01,02
TPS01,01
TPS01,01
TPS01,01
TPS02,02
TPS02,03
TPS02,02
TPS02,01
TPS02,03
TPS02,03
TPS02,03
TPS02,01
TPS02,01
TPS02,02
TPS02,01
TPS02,03
TPS02,01
TPS02,01
TPS02,02
TPS02,03
TPS02,02
TPS02,01
TPS02,01
TPS02,03
TPS03,03
TPS03,03
TPS03,02
TPS03,03
TPS03,03
TPS03,02
TPS03,02
TPS03,01
TPS03,02
TPS03,01
TPS03,01
TPS03,01
TPS03,01
TPS03,02
TPS03,03
TPS03,01
TPS03,01
TPS03,01
TPS03,03
TPS03,01
TPS04,03
TPS04,01
TPS04,01
TPS04,01
TPS04,01
TPS04,03
TPS04,01
TPS04,01
TPS04,03
TPS04,01
TPS04,03
TPS04,01
TPS04,03
TPS04,01
TPS04,02
TPS04,01
TPS04,02
TPS04,01
TPS04,01
TPS04,03
TPS05,01
TPS05,03
TPS05,01
TPS05,01
TPS05,01
TPS05,01
TPS05,01
TPS05,02
TPS05,02
TPS05,03
TPS05,03
TPS05,03
TPS05,02
TPS05,03
TPS05,01
TPS05,01
TPS05,02
TPS05,01
TPS05,03
TPS05,02
TPS01,03
TPS01,03
TPS01,02
TPS01,03
TPS01,01
TPS01,03
TPS01,02
TPS01,01
TPS01,01
TPS01,02
TPS01,03
TPS01,01
TPS01,03
TPS01,03
TPS01,02
TPS01,01
TPS01,02
TPS01,01
TPS01,01
TPS01,01
TPS02,02
TPS02,03
TPS02,02
TPS02,01
TPS02,03
TPS02,03
TPS02,03
TPS02,01
TPS02,01
TPS02,02
TPS02,01
TPS02,03
TPS02,01
TPS02,01
TPS02,02
TPS02,03
TPS02,02
TPS02,01
TPS02,01
TPS02,03
TPS03,03
TPS03,03
TPS03,02
TPS03,03
TPS03,03
TPS03,02
TPS03,02
TPS03,01
TPS03,02
TPS03,01
TPS03,01
TPS03,01
TPS03,01
TPS03,02
TPS03,03
TPS03,01
TPS03,01
TPS03,01
TPS03,03
TPS03,01
TPS04,03
TPS04,01
TPS04,01
TPS04,01
TPS04,01
TPS04,03
TPS04,01
TPS04,01
TPS04,03
TPS04,01
TPS04,03
TPS04,01
TPS04,03
TPS04,01
TPS04,02
TPS04,01
TPS04,02
TPS04,01
TPS04,01
TPS04,03
TPS05,01
TPS05,03
TPS05,01
TPS05,01
TPS05,01
TPS05,01
TPS05,01
TPS05,02
TPS05,02
TPS05,03
TPS05,03
TPS05,03
TPS05,02
TPS05,03
TPS05,01
TPS05,01
TPS05,02
TPS05,01
TPS05,03
TPS05,02
TPS01,03
TPS01,03
TPS01,02
TPS01,03
TPS01,01
TPS01,03
TPS01,02
TPS01,01
TPS01,01
TPS01,02
TPS01,03
TPS01,01
TPS01,03
TPS01,03
TPS01,02
TPS01,01
TPS01,02
TPS01,01
TPS01,01
TPS01,01
TPS02,02
TPS02,03
TPS02,02
TPS02,01
TPS02,03
TPS02,03
TPS02,03
TPS02,01
TPS02,01
TPS02,02
TPS02,01
TPS02,03
TPS02,01
TPS02,01
TPS02,02
TPS02,03
TPS02,02
TPS02,01
TPS02,01
TPS02,03
TPS03,03
TPS03,03
TPS03,02
TPS03,03
TPS03,03
TPS03,02
TPS03,02
TPS03,01
TPS03,02
TPS03,01
TPS03,01
TPS03,01
TPS03,01
TPS03,02
TPS03,03
TPS03,01
TPS03,01
TPS03,01
TPS03,03
TPS03,01
TPS04,03
TPS04,01
TPS04,01
TPS04,01
TPS04,01
TPS04,03
TPS04,01
TPS04,01
TPS04,03
TPS04,01
TPS04,03
TPS04,01
TPS04,03
TPS04,01
TPS04,02
TPS04,01
TPS04,02
TPS04,01
TPS04,01
TPS04,03
TPS05,01
TPS05,03
TPS05,01
TPS05,01
TPS05,01
TPS05,01
TPS05,01
TPS05,02
TPS05,02
TPS05,03
TPS05,03
TPS05,03
TPS05,02
TPS05,03
TPS05,01
TPS05,01
TPS05,02
TPS05,01
TPS05,03
TPS05,02
TPS01,03
TPS01,03
TPS01,02
TPS01,03
TPS01,01
TPS01,03
TPS01,02
TPS01,01
TPS01,01
TPS01,02
TPS01,03
TPS01,01
TPS01,03
TPS01,03
TPS01,02
TPS01,01
TPS01,02
TPS01,01
TPS01,01
TPS01,01
TPS02,02
TPS02,03
TPS02,02
TPS02,01
TPS02,03
TPS02,03
TPS02,03
TPS02,01
TPS02,01
TPS02,02
TPS02,01
TPS02,03
TPS02,01
TPS02,01
TPS02,02
TPS02,03
TPS02,02
TPS02,01
TPS02,01
TPS02,03
TPS03,03
TPS03,03
TPS03,02
TPS03,03
TPS03,03
TPS03,02
TPS03,02
TPS03,01
TPS03,02
TPS03,01
TPS03,01
TPS03,01
TPS03,01
TPS03,02
TPS03,03
TPS03,01
TPS03,01
TPS03,01
TPS03,03
TPS03,01
TPS04,03
TPS04,01
TPS04,01
TPS04,01
TPS04,01
TPS04,03
TPS04,01
TPS04,01
TPS04,03
TPS04,01
TPS04,03
TPS04,01
TPS04,03
TPS04,01
TPS04,02
TPS04,01
TPS04,02
TPS04,01
TPS04,01
TPS04,03
TPS05,01
TPS05,03
TPS05,01
TPS05,01
TPS05,01
TPS05,01
TPS05,01
TPS05,02
TPS05,02
TPS05,03
TPS05,03
TPS05,03
TPS05,02
TPS05,03
TPS05,01
TPS05,01
TPS05,02
TPS05,01
TPS05,03
TPS05,02
TPS01,03
TPS01,03
TPS01,02
TPS01,03
TPS01,01
TPS01,03
TPS01,02
TPS01,01
TPS01,01
TPS01,02
TPS01,03
TPS01,01
TPS01,03
TPS01,03
TPS01,02
TPS01,01
TPS01,02
TPS01,01
TPS01,01
TPS01,01
TPS02,02
TPS02,03
TPS02,02
TPS02,01
TPS02,03
TPS02,03
TPS02,03
TPS02,01
TPS02,01
TPS02,02
TPS02,01
TPS02,03
TPS02,01
TPS02,01
TPS02,02
TPS02,03
TPS02,02
TPS02,01
TPS02,01
TPS02,03
TPS03,03
TPS03,03
TPS03,02
TPS03,03
TPS03,03
TPS03,02
TPS03,02
TPS03,01
TPS03,02
TPS03,01
TPS03,01
TPS03,01
TPS03,01
TPS03,02
TPS03,03
TPS03,01
TPS03,01
TPS03,01
TPS03,03
TPS03,01
TPS04,03
TPS04,01
TPS04,01
TPS04,01
TPS04,01
TPS04,03
TPS04,01
TPS04,01
TPS04,03
TPS04,01
TPS04,03
TPS04,01
TPS04,03
TPS04,01
TPS04,02
TPS04,01
TPS04,02
TPS04,01
TPS04,01
TPS04,03
TPS05,01
TPS05,03
TPS05,01
TPS05,01
TPS05,01
TPS05,01
TPS05,01
TPS05,02
TPS05,02
TPS05,03
TPS05,03
TPS05,03
TPS05,02
TPS05,03
TPS05,01
TPS05,01
TPS05,02
TPS05,01
TPS05,03
TPS05,02
TPS01,03
TPS01,03
TPS01,02
TPS01,03
TPS01,01
TPS01,03
TPS01,02
TPS01,01
TPS01,01
TPS01,02
TPS01,03
TPS01,01
TPS01,03
TPS01,03
TPS01,02
TPS01,01
TPS01,02
TPS01,01
TPS01,01
TPS01,01
TPS02,02
TPS02,03
TPS02,02
TPS02,01
TPS02,03
TPS02,03
TPS02,03
TPS02,01
TPS02,01
TPS02,02
TPS02,01
TPS02,03
TPS02,01
TPS02,01
TPS02,02
TPS02,03
TPS02,02
TPS02,01
TPS02,01
TPS02,03
TPS03,03
TPS03,03
TPS03,02
TPS03,03
TPS03,03
TPS03,02
TPS03,02
TPS03,01
TPS03,02
TPS03,01
TPS03,01
TPS03,01
TPS03,01
TPS03,02
TPS03,03
TPS03,01
TPS03,01
TPS03,01
TPS03,03
TPS03,01
TPS04,03
TPS04,01
TPS04,01
TPS04,01
TPS04,01
TPS04,03
TPS04,01
TPS04,01
TPS04,03
TPS04,01
TPS04,03
TPS04,01
TPS04,03
TPS04,01
TPS04,02
TPS04,01
TPS04,02
TPS04,01
TPS04,01
TPS04,03
TPS05,01
TPS05,03
TPS05,01
TPS05,01
TPS05,01
TPS05,01
TPS05,01
TPS05,02
TPS05,02
TPS05,03
TPS05,03
TPS05,03
TPS05,02
TPS05,03
TPS05,01
TPS05,01
TPS05,02
TPS05,01
TPS05,03
TPS05,02
TPS01,03
TPS01,03
TPS01,02
TPS01,03
TPS01,01
TPS01,03
TPS01,02
TPS01,01
TPS01,01
TPS01,02
TPS01,03
TPS01,01
TPS01,03
TPS01,03
TPS01,02
TPS01,01
TPS01,02
TPS01,01
TPS01,01
TPS01,01
TPS02,02
TPS02,03
TPS02,02
TPS02,01
TPS02,03
TPS02,03
TPS02,03
TPS02,01
TPS02,01
TPS02,02
TPS02,01
TPS02,03
TPS02,01
TPS02,01
TPS02,02
TPS02,03
TPS02,02
TPS02,01
TPS02,01
TPS02,03
TPS03,03
TPS03,03
TPS03,02
TPS03,03
TPS03,03
TPS03,02
TPS03,02
TPS03,01
TPS03,02
TPS03,01
TPS03,01
TPS03,01
TPS03,01
TPS03,02
TPS03,03
TPS03,01
TPS03,01
TPS03,01
TPS03,03
TPS03,01
TPS04,03
TPS04,01
TPS04,01
TPS04,01
TPS04,01
TPS04,03
TPS04,01
TPS04,01
TPS04,03
TPS04,01
TPS04,03
TPS04,01
TPS04,03
TPS04,01
TPS04,02
TPS04,01
TPS04,02
TPS04,01
TPS04,01
TPS04,03
TPS05,01
TPS05,03
TPS05,01
TPS05,01
TPS05,01
TPS05,01
TPS05,01
TPS05,02
TPS05,02
TPS05,03
TPS05,03
TPS05,03
TPS05,02
TPS05,03
TPS05,01
TPS05,01
TPS05,02
TPS05,01
TPS05,03
TPS05,02